1,http://venturebeat.com
2,http://cheapflights.com
3,http://letgo.com
4,http://ziffsite.net
5,http://people.com
6,http://familyhandyman.com
7,http://flvto.biz
8,http://qatarliving.com
9,http://logmein.com
10,http://economist.com
11,http://emex.ru
12,http://news24.com
13,http://memurlar.net
14,http://bithumb.com
15,http://obozrevatel.com
16,http://santander.co.uk
17,http://varlamov.ru
18,http://agar.io
19,http://rover.com
20,http://rusplt.ru
21,http://talksport.com
22,http://duniaku.net
23,http://warframe.com
24,http://lurkmore.to
25,http://thevintagenews.com
26,http://freepik.com
27,http://dospara.co.jp
28,http://food52.com
29,http://90min.com
30,http://mediamarkt.es
31,http://appfolio.com
32,http://sitepoint.com
33,http://claro.com.br
34,http://lazada.com.ph
35,http://vidz7.com
36,http://cloudflare.com
37,http://nikkei.com
38,http://osnepal.com
39,http://synxis.com
40,http://vidio.com
41,http://wiocha.pl
42,http://kooora.com
43,http://halkbank.com.tr
44,http://onlinedown.net
45,http://tvnow.de
46,http://rakuten.com.tw
47,http://lightinthebox.com
48,http://ipage.com
49,http://carsforsale.com
50,http://pulscen.ru
51,http://faberlic.com
52,http://piktochart.com
53,http://ihg.com
54,http://dekiru.net
55,http://mytheresa.com
56,http://stern.de
57,http://igromania.ru
58,http://hurriyetemlak.com
59,http://rfi.fr
60,http://gbatemp.net
61,http://allmodern.com
62,http://regions.com
63,http://mk.ru
64,http://edreams.es
65,http://omelete.com.br
66,http://7ya.ru
67,http://gitlab.com
68,http://editor.wix.com
69,http://chanel.com
70,http://jobvite.com
71,http://bfmtv.com
72,http://zulily.com
73,http://showmax.com
74,http://uiowa.edu
75,http://allrecipes.com
76,http://koreaboo.com
77,http://rollingstone.com
78,http://tsb.co.uk
79,http://poe.trade
80,http://mover.uz
81,http://gla.ac.uk
82,http://fairwhale.tmall.com
83,http://gumroad.com
84,http://champion.gg
85,http://hasoffers.com
86,http://mango.com
87,http://trt.net.tr
88,http://debate.com.mx
89,http://nationalgeographic.com
90,http://logmeininc.com
91,http://zaobao.com
92,http://walmart.com
93,http://magoosh.com
94,http://msnbc.com
95,http://shopify.com
96,http://watsons.tmall.com
97,http://pornq.com
98,http://paychex.com
99,http://t-online.de
100,http://authorize.net
101,http://masterclass.com
102,http://docplayer.ru
103,http://53.com
104,http://godaddy.com
105,http://chinapress.com.my
106,http://formstack.com
107,http://nvxie.tmall.com
108,http://dn.pt
109,http://smartasset.com
110,http://all.biz
111,http://sendpulse.com
112,http://origo.hu
113,http://mckinsey.com
114,http://spletnik.ru
115,http://officeworks.com.au
116,http://hotschedules.com
117,http://lamoda.ru
118,http://jio.com
119,http://ruten.com.tw
120,http://autoscout24.it
121,http://pagina12.com.ar
122,http://trycaviar.com
123,http://independent.co.uk
124,http://asb.by
125,http://consequenceofsound.net
126,http://uq.edu.au
127,http://pozdravok.ru
128,http://wgu.edu
129,http://foozine.com
130,http://fastspring.com
131,http://oregonstate.edu
132,http://astrologyzone.com
133,http://wiley.com
134,http://fidelity.com
135,http://xmtrading.com
136,http://pages.tmall.com
137,http://qantas.com
138,http://tagesanzeiger.ch
139,http://baskino.me
140,http://cosmo.ru
141,http://pornleech.is
142,http://currys.co.uk
143,http://minted.com
144,http://millenniumbcp.pt
145,http://theporndude.com
146,http://g2a.com
147,http://tirto.id
148,http://letudiant.fr
149,http://gumtree.com
150,http://fortune.com
151,http://urfs.tmall.com
152,http://gamebase.com.tw
153,http://bamboohr.com
154,http://motherless.com
155,http://freshbooks.com
156,http://invenglobal.com
157,http://santander.com.br
158,http://minecraft-inside.ru
159,http://islcollective.com
160,http://bookdepository.com
161,http://cognizant.com
162,http://stradivarius.com
163,http://pegast.ru
164,http://vagaro.com
165,http://ulta.com
166,http://quizzstar.com
167,http://zattini.com.br
168,http://netshoes.com.br
169,http://fishki.net
170,http://zakon.kz
171,http://cw.com.tw
172,http://monday.com
173,http://twirpx.com
174,http://waveapps.com
175,http://1688.com
176,http://fullprogramlarindir.com
177,http://signupgenius.com
178,http://asda.com
179,http://4pda.ru
180,http://vtb.ru
181,http://thisisinsider.com
182,http://huffingtonpost.jp
183,http://hotels.com
184,http://touristtube.com
185,http://aif.ru
186,http://thesaurus.com
187,http://send-anywhere.com
188,http://maketecheasier.com
189,http://91mobiles.com
190,http://op.gg
191,http://aeroflot.ru
192,http://etnews.com
193,http://uproxx.com
194,http://shpock.com
195,http://trendyol.com
196,http://boombastis.com
197,http://iol.co.za
198,http://lenovo.com
199,http://gdeposylka.ru
200,http://logme.in