1,cookpad.com
2,trulia.com
3,bloomberg.com
4,creativemarket.com

1,booking.com
2,hulu.com
3,udemy.com
4,bloomberg.com
5,fiverr.com
6,upwork.com
7,kayak.com
8,wayfair.com
9,chron.com
10,trulia.com
11,crunchbase.com
12,chegg.com
13,humblebundle.com
14,ryanair.com
15,sfgate.com
16,skyscanner.net
17,cookpad.com
18,priceline.com
19,creativemarket.com
20,urbanoutfitters.com
21,foursquare.com
22,skyscanner.com
23,stockx.com
24,idealista.com
25,sweetwater.com
26,alaskaair.com
27,evite.com
28,matchesfashion.com
29,drupal.org
30,mentalfloss.com
31,skyscanner.ru
32,apartmenttherapy.com
33,wine-searcher.com
34,thekitchn.com
35,grubhub.com
36,papajohns.com
37,anthropologie.com
38,avvo.com
39,seatgeek.com
40,zazzle.com
41,self.com
42,skyscanner.it
43,seamless.com
44,adorama.com
45,skyscanner.jp
46,idealista.it
47,realself.com
48,lulus.com
49,payback.de
50,hotpads.com
51,walmart.com.mx
52,momondo.com
53,skyscanner.es
54,wayfair.ca
55,cheapflights.com
56,allmodern.com
57,hotelscombined.com
58,skyscanner.de
59,thriftbooks.com
60,ralphlauren.com
61,skyscanner.fr
62,therealreal.com
63,skyscanner.co.kr
64,skyscanner.com.tw
65,freepeople.com
66,skyscanner.com.au
67,twentytwowords.com
68,couponfollow.com
69,momondo.ru
70,idealista.pt
71,carters.com
72,endomondo.com
73,kayak.fr
74,tianxun.com
75,jossandmain.com
76,skyscanner.com.tr
77,fanduel.com
78,pier1.com
79,skyscanner.ie
80,worthpoint.com
